cluster_id	cluster_written	reads_found	reads_found_fwd	reads_found_rev	reads_written_fwd	reads_written_rev	reads_skipped_fwd	reads_skipped_rev
10002_sub0	1	14	3	11	3	11	0	0
10009_sub0	1	16	9	7	9	7	0	0
1002_sub1	1	37	23	14	10	10	13	4
10045_sub0	1	62	41	21	10	10	31	11
1005_sub2	1	48	22	26	10	10	12	16
10056_sub1	1	33	18	15	10	10	8	5
10062_sub1	1	43	29	14	10	10	19	4
10079_sub0	1	18	13	5	13	5	0	0
1008_sub1	1	38	18	20	10	10	8	10
10121_sub0	1	6	2	4	2	4	0	0
10175_sub0	1	24	12	12	10	10	2	2
10177_sub0	1	16	6	10	6	10	0	0
10185_sub2	1	11	6	5	6	5	0	0
1023_sub1	1	22	14	8	12	8	2	0
10250_sub0	1	31	16	15	10	10	6	5
10263_sub0	1	7	5	2	5	2	0	0
10266_sub0	1	10	7	3	7	3	0	0
1027_sub1	1	40	18	22	10	10	8	12
10278_sub0	1	16	8	8	8	8	0	0
1028_sub4	1	46	23	23	10	10	13	13
1030_sub1	1	106	50	56	10	10	40	46
10312_sub8	1	13	4	9	4	9	0	0
10355_sub0	1	11	7	4	7	4	0	0
10363_sub0	1	31	13	18	10	10	3	8
1037_sub1	1	41	23	18	10	10	13	8
1040_sub1	1	99	45	54	10	10	35	44
1041_sub1	1	66	36	30	10	10	26	20
1044_sub1	1	68	34	34	10	10	24	24
1045_sub1	1	60	31	29	10	10	21	19
10508_sub0	1	21	11	10	10	10	1	0
1052_sub1	1	69	31	38	10	10	21	28
10521_sub0	1	15	7	8	7	8	0	0
1053_sub4	1	98	51	47	10	10	41	37
1055_sub1	1	89	42	47	10	10	32	37
10568_sub0	1	20	10	10	10	10	0	0
10572_sub2	1	8	5	3	5	3	0	0
1060_sub1	1	15	10	5	10	5	0	0
10600_sub1	1	29	14	15	10	10	4	5
1061_sub1	1	44	22	22	10	10	12	12
1062_sub2	1	75	40	35	10	10	30	25
10632_sub1	1	14	8	6	8	6	0	0
10645_sub0	1	19	12	7	12	7	0	0
10655_sub0	1	20	11	9	11	9	0	0
10675_sub0	1	108	61	47	10	10	51	37
1070_sub1	1	40	24	16	10	10	14	6
10703_sub0	1	22	12	10	10	10	2	0
10711_sub1	1	19	9	10	9	10	0	0
10745_sub0	1	40	20	20	10	10	10	10
1076_sub1	1	55	27	28	10	10	17	18
10760_sub0	1	42	19	23	10	10	9	13
10767_sub1	1	41	22	19	10	10	12	9
1077_sub2	1	15	8	7	8	7	0	0
108_sub1	1	38	23	15	10	10	13	5
1080_sub3	1	20	11	9	11	9	0	0
10848_sub0	1	7	5	2	5	2	0	0
10861_sub1	1	15	9	6	9	6	0	0
1087_sub1	1	30	18	12	10	10	8	2
1089_sub4	1	28	15	13	10	10	5	3
10907_sub0	1	20	6	14	6	14	0	0
10926_sub0	1	14	9	5	9	5	0	0
1095_sub1	1	42	17	25	10	10	7	15
1097_sub1	1	27	9	18	9	11	0	7
1101_sub2	1	17	4	13	4	13	0	0
1107_sub1	1	55	29	26	10	10	19	16
1108_sub1	1	31	14	17	10	10	4	7
11096_sub6	1	30	13	17	10	10	3	7
1110_sub1	1	33	15	18	10	10	5	8
1112_sub1	1	42	22	20	10	10	12	10
11136_sub1	1	33	16	17	10	10	6	7
1115_sub4	1	29	11	18	10	10	1	8
11151_sub1	1	7	3	4	3	4	0	0
1117_sub1	1	53	26	27	10	10	16	17
11171_sub1	1	41	21	20	10	10	11	10
1123_sub4	1	92	32	60	10	10	22	50
1124_sub1	1	65	43	22	10	10	33	12
11253_sub0	1	10	6	4	6	4	0	0
1126_sub2	1	66	32	34	10	10	22	24
11337_sub0	1	21	11	10	10	10	1	0
1135_sub0	1	96	53	43	10	10	43	33
1136_sub1	1	51	34	17	10	10	24	7
11383_sub1	1	12	9	3	9	3	0	0
1141_sub1	1	64	32	32	10	10	22	22
1144_sub2	1	31	16	15	10	10	6	5
1145_sub2	1	32	20	12	10	10	10	2
1150_sub1	1	55	25	30	10	10	15	20
11519_sub0	1	14	5	9	5	9	0	0
1156_sub2	1	48	26	22	10	10	16	12
11586_sub0	1	88	47	41	10	10	37	31
1159_sub1	1	57	23	34	10	10	13	24
11611_sub1	1	41	20	21	10	10	10	11
1163_sub3	1	48	23	25	10	10	13	15
11639_sub0	1	11	7	4	7	4	0	0
11671_sub1	1	19	11	8	11	8	0	0
11676_sub3	1	18	12	6	12	6	0	0
1172_sub1	1	32	15	17	10	10	5	7
1179_sub1	1	49	19	30	10	10	9	20
1182_sub2	1	57	25	32	10	10	15	22
11828_sub0	1	98	50	48	10	10	40	38
1188_sub1	1	23	14	9	11	9	3	0
1190_sub5	1	49	27	22	10	10	17	12
1192_sub1	1	46	28	18	10	10	18	8
12_sub1	1	35	17	18	10	10	7	8
1200_sub3	1	6	2	4	2	4	0	0
1203_sub1	1	63	34	29	10	10	24	19
1205_sub1	1	68	34	34	10	10	24	24
1207_sub2	1	12	7	5	7	5	0	0
1217_sub3	1	7	4	3	4	3	0	0
12174_sub0	1	48	23	25	10	10	13	15
1218_sub2	1	81	44	37	10	10	34	27
12183_sub2	1	19	9	10	9	10	0	0
12219_sub1	1	13	10	3	10	3	0	0
1225_sub1	1	49	21	28	10	10	11	18
12283_sub0	1	37	15	22	10	10	5	12
1229_sub3	1	79	33	46	10	10	23	36
1230_sub2	1	40	21	19	10	10	11	9
12314_sub0	1	50	28	22	10	10	18	12
1232_sub1	1	41	22	19	10	10	12	9
12334_sub0	1	23	11	12	10	10	1	2
1234_sub1	1	74	39	35	10	10	29	25
1235_sub2	1	87	48	39	10	10	38	29
12360_sub1	1	90	48	42	10	10	38	32
12369_sub0	1	11	9	2	9	2	0	0
12383_sub1	1	25	11	14	10	10	1	4
1240_sub2	1	77	33	44	10	10	23	34
1244_sub1	1	33	16	17	10	10	6	7
12440_sub1	1	19	10	9	10	9	0	0
1246_sub1	1	53	0	53	0	20	0	33
12482_sub0	1	16	9	7	9	7	0	0
1250_sub1	1	20	10	10	10	10	0	0
12500_sub1	1	9	6	3	6	3	0	0
12509_sub1	1	20	9	11	9	11	0	0
1252_sub1	1	50	30	20	10	10	20	10
12524_sub1	1	19	8	11	8	11	0	0
12538_sub0	1	16	5	11	5	11	0	0
1254_sub2	1	51	26	25	10	10	16	15
1256_sub2	1	44	19	25	10	10	9	15
12603_sub1	1	16	6	10	6	10	0	0
1272_sub0	1	51	28	23	10	10	18	13
12771_sub1	1	15	5	10	5	10	0	0
1282_sub1	1	42	18	24	10	10	8	14
1283_sub2	1	91	51	40	10	10	41	30
12894_sub0	1	19	7	12	7	12	0	0
1291_sub1	1	27	11	16	10	10	1	6
12929_sub1	1	13	7	6	7	6	0	0
1293_sub1	1	9	5	4	5	4	0	0
12937_sub0	1	9	7	2	7	2	0	0
1298_sub0	1	33	19	14	10	10	9	4
12993_sub0	1	20	12	8	12	8	0	0
13029_sub1	1	10	5	5	5	5	0	0
1314_sub1	1	17	7	10	7	10	0	0
1316_sub2	1	47	22	25	10	10	12	15
13212_sub0	1	30	18	12	10	10	8	2
13220_sub2	1	14	6	8	6	8	0	0
13226_sub0	1	7	4	3	4	3	0	0
13229_sub2	1	32	16	16	10	10	6	6
1327_sub1	1	102	57	45	10	10	47	35
1330_sub2	1	66	39	27	10	10	29	17
1337_sub1	1	27	19	8	12	8	7	0
13387_sub1	1	76	42	34	10	10	32	24
1339_sub0	1	101	45	56	10	10	35	46
1342_sub1	1	69	28	41	10	10	18	31
1343_sub2	1	26	14	12	10	10	4	2
13491_sub0	1	84	48	36	10	10	38	26
135_sub6	1	69	33	36	10	10	23	26
13509_sub0	1	42	19	23	10	10	9	13
1357_sub2	1	77	33	44	10	10	23	34
13583_sub2	1	7	4	3	4	3	0	0
1363_sub2	1	33	16	17	10	10	6	7
1365_sub3	1	20	11	9	11	9	0	0
13700_sub1	1	20	11	9	11	9	0	0
13788_sub0	1	14	7	7	7	7	0	0
1379_sub2	1	59	34	25	10	10	24	15
13795_sub0	1	11	6	5	6	5	0	0
138_sub1	1	9	0	9	0	9	0	0
138_sub4	1	9	9	0	9	0	0	0
1382_sub1	1	26	12	14	10	10	2	4
1384_sub1	1	87	48	39	10	10	38	29
1388_sub1	1	81	45	36	10	10	35	26
1389_sub2	1	52	24	28	10	10	14	18
1391_sub1	1	32	15	17	10	10	5	7
13959_sub1	1	74	38	36	10	10	28	26
1397_sub2	1	34	17	17	10	10	7	7
1398_sub1	1	37	20	17	10	10	10	7
14_sub3	1	56	36	20	10	10	26	10
14030_sub2	1	81	46	35	10	10	36	25
1405_sub2	1	23	15	8	12	8	3	0
1409_sub1	1	42	19	23	10	10	9	13
141_sub1	1	53	26	27	10	10	16	17
14131_sub0	1	9	7	2	7	2	0	0
14175_sub1	1	25	14	11	10	10	4	1
14183_sub2	1	72	39	33	10	10	29	23
1423_sub1	1	22	10	12	10	10	0	2
14259_sub0	1	12	4	8	4	8	0	0
1426_sub2	1	31	14	17	10	10	4	7
1427_sub1	1	80	40	40	10	10	30	30
1432_sub1	1	30	17	13	10	10	7	3
14324_sub0	1	34	17	17	10	10	7	7
14357_sub1	1	19	8	11	8	11	0	0
1438_sub2	1	44	23	21	10	10	13	11
1439_sub4	1	61	33	28	10	10	23	18
1441_sub1	1	112	47	65	10	10	37	55
14449_sub0	1	6	5	1	5	1	0	0
1449_sub1	1	58	29	29	10	10	19	19
14495_sub0	1	13	7	6	7	6	0	0
1451_sub3	1	51	28	23	10	10	18	13
14553_sub1	1	29	16	13	10	10	6	3
1457_sub7	1	26	15	11	10	10	5	1
14573_sub3	1	6	2	4	2	4	0	0
1460_sub1	1	59	32	27	10	10	22	17
1466_sub1	1	25	16	9	11	9	5	0
1471_sub3	1	85	49	36	10	10	39	26
14757_sub1	1	44	25	19	10	10	15	9
14758_sub0	1	38	17	21	10	10	7	11
14802_sub0	1	74	36	38	10	10	26	28
14836_sub0	1	46	24	22	10	10	14	12
14880_sub1	1	9	4	5	4	5	0	0
1492_sub1	1	80	50	30	10	10	40	20
150_sub1	1	83	47	36	10	10	37	26
1508_sub1	1	78	38	40	10	10	28	30
1510_sub1	1	9	0	9	0	9	0	0
1510_sub9	1	16	16	0	16	0	0	0
1511_sub1	1	46	27	19	10	10	17	9
15123_sub1	1	62	36	26	10	10	26	16
15152_sub1	1	12	6	6	6	6	0	0
15244_sub0	1	16	10	6	10	6	0	0
1525_sub2	1	18	6	12	6	12	0	0
1527_sub4	1	59	28	31	10	10	18	21
15294_sub0	1	48	26	22	10	10	16	12
153_sub1	1	43	22	21	10	10	12	11
1533_sub1	1	30	12	18	10	10	2	8
1534_sub1	1	69	37	32	10	10	27	22
15341_sub0	1	6	3	3	3	3	0	0
15343_sub1	1	25	7	18	7	13	0	5
1538_sub2	1	34	22	12	10	10	12	2
1545_sub1	1	31	19	12	10	10	9	2
1550_sub2	1	59	26	33	10	10	16	23
1553_sub1	1	13	7	6	7	6	0	0
15555_sub0	1	66	37	29	10	10	27	19
15611_sub1	1	66	39	27	10	10	29	17
15628_sub1	1	28	15	13	10	10	5	3
1563_sub1	1	49	23	26	10	10	13	16
15630_sub0	1	109	54	55	10	10	44	45
1570_sub1	1	35	19	16	10	10	9	6
1572_sub1	1	48	25	23	10	10	15	13
15730_sub0	1	6	5	1	5	1	0	0
1574_sub2	1	72	36	36	10	10	26	26
1582_sub1	1	58	37	21	10	10	27	11
1583_sub1	1	36	15	21	10	10	5	11
160_sub2	1	48	26	22	10	10	16	12
16074_sub2	1	59	31	28	10	10	21	18
1609_sub2	1	96	51	45	10	10	41	35
161_sub2	1	32	14	18	10	10	4	8
1616_sub2	1	59	27	32	10	10	17	22
1617_sub3	1	55	27	28	10	10	17	18
16173_sub2	1	17	11	6	11	6	0	0
16225_sub1	1	25	11	14	10	10	1	4
1626_sub1	1	23	12	11	10	10	2	1
16269_sub2	1	41	23	18	10	10	13	8
1630_sub1	1	75	37	38	10	10	27	28
1632_sub1	1	73	30	43	10	10	20	33
16322_sub0	1	17	11	6	11	6	0	0
1633_sub1	1	89	41	48	10	10	31	38
1638_sub3	1	31	17	14	10	10	7	4
164_sub5	1	60	33	27	10	10	23	17
16411_sub0	1	32	16	16	10	10	6	6
16540_sub1	1	54	26	28	10	10	16	18
1656_sub1	1	84	43	41	10	10	33	31
1658_sub1	1	43	17	26	10	10	7	16
16582_sub1	1	10	2	8	2	8	0	0
1659_sub1	1	101	54	47	10	10	44	37
1660_sub1	1	32	13	19	10	10	3	9
1661_sub2	1	66	36	30	10	10	26	20
167_sub1	1	23	9	14	9	11	0	3
1671_sub2	1	60	35	25	10	10	25	15
1672_sub1	1	60	26	34	10	10	16	24
16757_sub1	1	48	31	17	10	10	21	7
1676_sub2	1	17	9	8	9	8	0	0
1679_sub1	1	55	32	23	10	10	22	13
16790_sub0	1	47	29	18	10	10	19	8
1681_sub1	1	57	30	27	10	10	20	17
1689_sub1	1	29	14	15	10	10	4	5
169_sub1	1	68	30	38	10	10	20	28
16943_sub1	1	14	0	14	0	14	0	0
16943_sub7	1	23	23	0	20	0	3	0
16972_sub1	1	21	14	7	13	7	1	0
1709_sub1	1	71	36	35	10	10	26	25
171_sub2	1	30	17	13	10	10	7	3
1710_sub1	1	30	21	9	11	9	10	0
17112_sub1	1	82	47	35	10	10	37	25
17120_sub2	1	26	14	12	10	10	4	2
17171_sub1	1	14	9	5	9	5	0	0
1719_sub1	1	38	16	22	10	10	6	12
1725_sub2	1	39	19	20	10	10	9	10
1727_sub1	1	48	23	25	10	10	13	15
1728_sub0	1	57	30	27	10	10	20	17
1742_sub1	1	62	32	30	10	10	22	20
1746_sub0	1	40	19	21	10	10	9	11
17468_sub2	1	30	16	14	10	10	6	4
17525_sub0	1	22	9	13	9	11	0	2
1753_sub0	1	21	8	13	8	12	0	1
17558_sub0	1	45	22	23	10	10	12	13
1757_sub7	1	18	8	10	8	10	0	0
1759_sub2	1	59	36	23	10	10	26	13
1760_sub0	1	34	14	20	10	10	4	10
17637_sub1	1	20	9	11	9	11	0	0
17737_sub1	1	29	17	12	10	10	7	2
1777_sub0	1	61	27	34	10	10	17	24
178_sub2	1	50	29	21	10	10	19	11
1787_sub0	1	57	34	23	10	10	24	13
1788_sub0	1	64	34	30	10	10	24	20
17945_sub0	1	21	8	13	8	12	0	1
18_sub1	1	72	34	38	10	10	24	28
180_sub1	1	49	20	29	10	10	10	19
1800_sub0	1	78	42	36	10	10	32	26
18000_sub1	1	27	12	15	10	10	2	5
18060_sub1	1	20	11	9	11	9	0	0
18064_sub1	1	10	4	6	4	6	0	0
1808_sub0	1	71	32	39	10	10	22	29
1818_sub1	1	52	24	28	10	10	14	18
182_sub5	1	72	38	34	10	10	28	24
18202_sub1	1	17	9	8	9	8	0	0
1824_sub1	1	17	10	7	10	7	0	0
183_sub1	1	51	32	19	10	10	22	9
18354_sub0	1	28	19	9	11	9	8	0
184_sub2	1	12	6	6	6	6	0	0
1841_sub0	1	77	29	48	10	10	19	38
1843_sub0	1	48	27	21	10	10	17	11
1852_sub0	1	55	31	24	10	10	21	14
1858_sub0	1	42	22	20	10	10	12	10
1860_sub2	1	47	25	22	10	10	15	12
1861_sub1	1	39	24	15	10	10	14	5
1863_sub1	1	67	34	33	10	10	24	23
1866_sub2	1	88	46	42	10	10	36	32
1867_sub1	1	29	11	18	10	10	1	8
18766_sub1	1	15	8	7	8	7	0	0
1887_sub2	1	33	14	19	10	10	4	9
1890_sub0	1	24	12	12	10	10	2	2
18952_sub1	1	72	40	32	10	10	30	22
1901_sub1	1	23	13	10	10	10	3	0
1903_sub2	1	53	20	33	10	10	10	23
1904_sub0	1	52	26	26	10	10	16	16
19047_sub1	1	64	33	31	10	10	23	21
191_sub1	1	74	35	39	10	10	25	29
1914_sub0	1	13	7	6	7	6	0	0
1915_sub0	1	26	13	13	10	10	3	3
1918_sub3	1	18	8	10	8	10	0	0
19196_sub0	1	41	21	20	10	10	11	10
1922_sub1	1	58	22	36	10	10	12	26
19267_sub1	1	64	34	30	10	10	24	20
19270_sub1	1	11	6	5	6	5	0	0
1929_sub0	1	39	21	18	10	10	11	8
1933_sub2	1	23	11	12	10	10	1	2
194_sub2	1	67	35	32	10	10	25	22
1949_sub0	1	99	51	48	10	10	41	38
1955_sub1	1	59	28	31	10	10	18	21
19573_sub1	1	13	4	9	4	9	0	0
1965_sub0	1	63	38	25	10	10	28	15
1969_sub1	1	49	23	26	10	10	13	16
1973_sub0	1	32	0	32	0	20	0	12
1973_sub13	1	44	44	0	20	0	24	0
1977_sub1	1	16	10	6	10	6	0	0
19776_sub2	1	23	13	10	10	10	3	0
1985_sub0	1	73	30	43	10	10	20	33
1986_sub0	1	33	16	17	10	10	6	7
1988_sub0	1	79	37	42	10	10	27	32
19915_sub1	1	9	3	6	3	6	0	0
1995_sub1	1	59	32	27	10	10	22	17
2000_sub1	1	37	16	21	10	10	6	11
2001_sub0	1	27	0	27	0	20	0	7
2001_sub9	1	25	25	0	20	0	5	0
20019_sub2	1	26	16	10	10	10	6	0
20106_sub1	1	14	10	4	10	4	0	0
2013_sub1	1	55	25	30	10	10	15	20
20150_sub2	1	38	19	19	10	10	9	9
2016_sub0	1	12	5	7	5	7	0	0
2018_sub0	1	59	33	26	10	10	23	16
20263_sub1	1	59	27	32	10	10	17	22
20293_sub0	1	12	5	7	5	7	0	0
20295_sub1	1	33	19	14	10	10	9	4
20454_sub1	1	29	19	10	10	10	9	0
2048_sub0	1	79	43	36	10	10	33	26
2052_sub0	1	56	26	30	10	10	16	20
20528_sub0	1	58	32	26	10	10	22	16
2057_sub0	1	69	32	37	10	10	22	27
2059_sub1	1	54	26	28	10	10	16	18
20637_sub0	1	15	6	9	6	9	0	0
2066_sub0	1	81	47	34	10	10	37	24
20661_sub1	1	8	4	4	4	4	0	0
2067_sub0	1	38	21	17	10	10	11	7
20697_sub1	1	20	9	11	9	11	0	0
207_sub1	1	39	21	18	10	10	11	8
20704_sub0	1	19	12	7	12	7	0	0
20735_sub1	1	26	17	9	11	9	6	0
20737_sub1	1	32	19	13	10	10	9	3
2078_sub2	1	39	29	10	10	10	19	0
208_sub1	1	66	29	37	10	10	19	27
2081_sub3	1	40	22	18	10	10	12	8
2083_sub0	1	41	19	22	10	10	9	12
2085_sub0	1	20	10	10	10	10	0	0
20882_sub1	1	9	3	6	3	6	0	0
2089_sub1	1	83	38	45	10	10	28	35
209_sub2	1	60	24	36	10	10	14	26
2095_sub3	1	31	16	15	10	10	6	5
21061_sub2	1	32	16	16	10	10	6	6
2108_sub0	1	54	31	23	10	10	21	13
212_sub1	1	24	14	10	10	10	4	0
2125_sub0	1	120	57	63	10	10	47	53
21268_sub2	1	29	16	13	10	10	6	3
2132_sub1	1	7	0	7	0	7	0	0
2139_sub0	1	101	48	53	10	10	38	43
2142_sub1	1	51	27	24	10	10	17	14
2149_sub1	1	63	33	30	10	10	23	20
21496_sub1	1	18	5	13	5	13	0	0
21505_sub0	1	11	3	8	3	8	0	0
2154_sub0	1	61	35	26	10	10	25	16
2156_sub0	1	114	63	51	10	10	53	41
2161_sub0	1	15	9	6	9	6	0	0
2168_sub0	1	45	20	25	10	10	10	15
21707_sub1	1	31	19	12	10	10	9	2
21725_sub1	1	37	20	17	10	10	10	7
2175_sub0	1	31	18	13	10	10	8	3
218_sub2	1	85	44	41	10	10	34	31
2182_sub0	1	54	29	25	10	10	19	15
21880_sub0	1	47	23	24	10	10	13	14
2189_sub1	1	23	8	15	8	12	0	3
219_sub1	1	55	24	31	10	10	14	21
2192_sub0	1	86	47	39	10	10	37	29
21941_sub1	1	17	11	6	11	6	0	0
21986_sub1	1	15	5	10	5	10	0	0
220_sub2	1	78	42	36	10	10	32	26
2200_sub1	1	52	25	27	10	10	15	17
2204_sub1	1	74	36	38	10	10	26	28
22043_sub0	1	16	12	4	12	4	0	0
2206_sub1	1	42	20	22	10	10	10	12
22071_sub1	1	46	30	16	10	10	20	6
22074_sub1	1	20	13	7	13	7	0	0
2208_sub0	1	64	39	25	10	10	29	15
22088_sub0	1	42	21	21	10	10	11	11
2210_sub5	1	7	1	6	1	6	0	0
2215_sub0	1	7	4	3	4	3	0	0
2219_sub1	1	61	27	34	10	10	17	24
2222_sub2	1	30	20	10	10	10	10	0
2224_sub3	1	38	21	17	10	10	11	7
22245_sub3	1	79	42	37	10	10	32	27
2226_sub1	1	28	15	13	10	10	5	3
22314_sub1	1	36	19	17	10	10	9	7
22367_sub1	1	65	34	31	10	10	24	21
225_sub1	1	31	18	13	10	10	8	3
2251_sub0	1	43	23	20	10	10	13	10
2254_sub2	1	55	23	32	10	10	13	22
22545_sub2	1	40	24	16	10	10	14	6
2258_sub0	1	79	38	41	10	10	28	31
22609_sub7	1	38	28	10	10	10	18	0
2263_sub0	1	66	43	23	10	10	33	13
2269_sub0	1	72	40	32	10	10	30	22
22697_sub1	1	32	18	14	10	10	8	4
22726_sub0	1	70	31	39	10	10	21	29
2274_sub0	1	36	23	13	10	10	13	3
22752_sub1	1	9	8	1	8	1	0	0
2282_sub0	1	30	17	13	10	10	7	3
22850_sub0	1	26	11	15	10	10	1	5
229_sub1	1	40	0	40	0	20	0	20
229_sub7	1	39	39	0	20	0	19	0
2292_sub2	1	45	20	25	10	10	10	15
2293_sub0	1	33	21	12	10	10	11	2
2296_sub0	1	54	32	22	10	10	22	12
2299_sub2	1	72	42	30	10	10	32	20
230_sub1	1	58	31	27	10	10	21	17
2303_sub1	1	59	30	29	10	10	20	19
23039_sub2	1	49	22	27	10	10	12	17
23050_sub1	1	7	3	4	3	4	0	0
2317_sub0	1	47	25	22	10	10	15	12
23192_sub1	1	28	11	17	10	10	1	7
232_sub2	1	20	5	15	5	15	0	0
2324_sub2	1	28	14	14	10	10	4	4
23246_sub0	1	52	26	26	10	10	16	16
2329_sub1	1	120	58	62	10	10	48	52
2330_sub0	1	41	21	20	10	10	11	10
23309_sub0	1	33	16	17	10	10	6	7
2331_sub0	1	81	46	35	10	10	36	25
2338_sub0	1	66	39	27	10	10	29	17
2344_sub4	1	58	32	26	10	10	22	16
2346_sub1	1	44	21	23	10	10	11	13
23460_sub1	1	19	9	10	9	10	0	0
2355_sub1	1	13	4	9	4	9	0	0
2358_sub1	1	65	40	25	10	10	30	15
23606_sub2	1	23	15	8	12	8	3	0
2368_sub0	1	58	32	26	10	10	22	16
2375_sub0	1	10	6	4	6	4	0	0
2378_sub1	1	50	20	30	10	10	10	20
23819_sub0	1	9	5	4	5	4	0	0
2384_sub0	1	36	0	36	0	20	0	16
2384_sub14	1	50	50	0	20	0	30	0
23853_sub1	1	30	15	15	10	10	5	5
23870_sub2	1	104	55	49	10	10	45	39
2388_sub0	1	27	12	15	10	10	2	5
2393_sub0	1	66	32	34	10	10	22	24
23952_sub0	1	28	15	13	10	10	5	3
2397_sub1	1	62	39	23	10	10	29	13
2398_sub1	1	13	5	8	5	8	0	0
23991_sub1	1	22	12	10	10	10	2	0
240_sub1	1	28	12	16	10	10	2	6
24001_sub0	1	58	29	29	10	10	19	19
2408_sub0	1	27	14	13	10	10	4	3
241_sub2	1	81	37	44	10	10	27	34
2411_sub0	1	54	21	33	10	10	11	23
2418_sub1	1	38	24	14	10	10	14	4
2419_sub0	1	13	6	7	6	7	0	0
24249_sub1	1	17	8	9	8	9	0	0
2426_sub2	1	44	20	24	10	10	10	14
2431_sub1	1	78	37	41	10	10	27	31
2436_sub3	1	73	36	37	10	10	26	27
24379_sub1	1	19	11	8	11	8	0	0
244_sub1	1	42	20	22	10	10	10	12
24426_sub4	1	64	38	26	10	10	28	16
24444_sub1	1	11	4	7	4	7	0	0
2449_sub0	1	55	32	23	10	10	22	13
2454_sub0	1	15	8	7	8	7	0	0
2456_sub2	1	38	22	16	10	10	12	6
24661_sub0	1	19	10	9	10	9	0	0
24694_sub0	1	41	15	26	10	10	5	16
247_sub3	1	46	29	17	10	10	19	7
24784_sub1	1	50	25	25	10	10	15	15
24787_sub0	1	18	12	6	12	6	0	0
2487_sub2	1	21	6	15	6	14	0	1
2488_sub0	1	48	27	21	10	10	17	11
2490_sub0	1	92	47	45	10	10	37	35
24908_sub6	1	7	2	5	2	5	0	0
2492_sub0	1	26	12	14	10	10	2	4
2496_sub0	1	31	11	20	10	10	1	10
2500_sub0	1	58	32	26	10	10	22	16
2501_sub2	1	59	35	24	10	10	25	14
2503_sub1	1	20	11	9	11	9	0	0
251_sub1	1	39	17	22	10	10	7	12
252_sub1	1	90	48	42	10	10	38	32
2520_sub0	1	93	48	45	10	10	38	35
25266_sub0	1	39	18	21	10	10	8	11
2528_sub0	1	20	12	8	12	8	0	0
2531_sub2	1	79	40	39	10	10	30	29
25366_sub1	1	32	21	11	10	10	11	1
25379_sub0	1	19	11	8	11	8	0	0
2538_sub0	1	66	36	30	10	10	26	20
2541_sub0	1	51	26	25	10	10	16	15
2543_sub3	1	21	9	12	9	11	0	1
2548_sub0	1	42	23	19	10	10	13	9
255_sub1	1	48	30	18	10	10	20	8
25517_sub0	1	31	15	16	10	10	5	6
2553_sub0	1	62	33	29	10	10	23	19
2556_sub0	1	46	19	27	10	10	9	17
256_sub1	1	24	12	12	10	10	2	2
2567_sub0	1	29	19	10	10	10	9	0
2569_sub0	1	59	33	26	10	10	23	16
25701_sub1	1	40	22	18	10	10	12	8
2573_sub1	1	64	38	26	10	10	28	16
2574_sub3	1	68	36	32	10	10	26	22
25757_sub1	1	19	9	10	9	10	0	0
2577_sub0	1	50	32	18	10	10	22	8
2579_sub0	1	26	18	8	12	8	6	0
2582_sub2	1	77	39	38	10	10	29	28
25952_sub4	1	22	14	8	12	8	2	0
2597_sub1	1	30	14	16	10	10	4	6
260_sub1	1	97	48	49	10	10	38	39
26175_sub1	1	32	17	15	10	10	7	5
2618_sub0	1	65	38	27	10	10	28	17
2621_sub1	1	75	34	41	10	10	24	31
26218_sub1	1	20	12	8	12	8	0	0
2628_sub1	1	12	5	7	5	7	0	0
26285_sub1	1	14	9	5	9	5	0	0
26346_sub0	1	28	18	10	10	10	8	0
2638_sub0	1	45	22	23	10	10	12	13
26407_sub0	1	9	4	5	4	5	0	0
26458_sub0	1	72	40	32	10	10	30	22
2648_sub1	1	40	22	18	10	10	12	8
26503_sub1	1	16	7	9	7	9	0	0
26637_sub1	1	75	34	41	10	10	24	31
2664_sub1	1	14	9	5	9	5	0	0
2667_sub0	1	78	39	39	10	10	29	29
2668_sub1	1	18	7	11	7	11	0	0
2669_sub10	1	38	18	20	10	10	8	10
267_sub2	1	65	33	32	10	10	23	22
26701_sub1	1	14	11	3	11	3	0	0
26714_sub1	1	25	15	10	10	10	5	0
26715_sub1	1	20	12	8	12	8	0	0
2672_sub0	1	55	31	24	10	10	21	14
26727_sub1	1	19	9	10	9	10	0	0
2676_sub1	1	34	22	12	10	10	12	2
26802_sub1	1	15	9	6	9	6	0	0
26836_sub1	1	33	21	12	10	10	11	2
26979_sub3	1	12	5	7	5	7	0	0
2699_sub1	1	40	21	19	10	10	11	9
270_sub3	1	29	29	0	20	0	9	0
2700_sub1	1	48	26	22	10	10	16	12
2702_sub0	1	72	33	39	10	10	23	29
2710_sub0	1	42	20	22	10	10	10	12
27142_sub1	1	12	4	8	4	8	0	0
2719_sub1	1	42	25	17	10	10	15	7
273_sub2	1	61	31	30	10	10	21	20
27347_sub7	1	31	16	15	10	10	6	5
274_sub4	1	13	3	10	3	10	0	0
2757_sub0	1	35	17	18	10	10	7	8
2761_sub1	1	29	12	17	10	10	2	7
277_sub2	1	93	44	49	10	10	34	39
2779_sub0	1	20	12	8	12	8	0	0
2780_sub1	1	16	4	12	4	12	0	0
2781_sub1	1	6	3	3	3	3	0	0
27851_sub0	1	19	8	11	8	11	0	0
27878_sub1	1	15	10	5	10	5	0	0
27904_sub1	1	14	8	6	8	6	0	0
280_sub1	1	38	21	17	10	10	11	7
2800_sub1	1	22	14	8	12	8	2	0
28073_sub1	1	36	18	18	10	10	8	8
2810_sub0	1	88	41	47	10	10	31	37
2813_sub0	1	68	32	36	10	10	22	26
282_sub3	1	56	32	24	10	10	22	14
2823_sub0	1	87	49	38	10	10	39	28
28236_sub1	1	48	25	23	10	10	15	13
2836_sub2	1	45	23	22	10	10	13	12
2838_sub2	1	73	37	36	10	10	27	26
284_sub5	1	33	14	19	10	10	4	9
2840_sub0	1	40	17	23	10	10	7	13
28446_sub0	1	68	38	30	10	10	28	20
28458_sub1	1	10	5	5	5	5	0	0
2849_sub0	1	90	46	44	10	10	36	34
2851_sub1	1	51	24	27	10	10	14	17
2854_sub0	1	14	10	4	10	4	0	0
2859_sub0	1	60	24	36	10	10	14	26
2860_sub0	1	99	42	57	10	10	32	47
2874_sub0	1	39	18	21	10	10	8	11
28746_sub1	1	20	12	8	12	8	0	0
2876_sub0	1	50	24	26	10	10	14	16
288_sub3	1	87	48	39	10	10	38	29
28877_sub0	1	11	6	5	6	5	0	0
2888_sub0	1	47	31	16	10	10	21	6
28989_sub1	1	12	4	8	4	8	0	0
2901_sub0	1	36	20	16	10	10	10	6
2908_sub0	1	70	38	32	10	10	28	22
2916_sub1	1	78	34	44	10	10	24	34
292_sub2	1	24	14	10	10	10	4	0
29215_sub1	1	8	4	4	4	4	0	0
2924_sub1	1	15	10	5	10	5	0	0
2927_sub2	1	61	38	23	10	10	28	13
29365_sub1	1	10	4	6	4	6	0	0
2953_sub0	1	32	20	12	10	10	10	2
2959_sub0	1	97	48	49	10	10	38	39
296_sub2	1	75	31	44	10	10	21	34
29605_sub1	1	9	4	5	4	5	0	0
297_sub2	1	79	43	36	10	10	33	26
2970_sub0	1	41	18	23	10	10	8	13
29830_sub0	1	38	20	18	10	10	10	8
2984_sub0	1	51	33	18	10	10	23	8
2987_sub0	1	103	52	51	10	10	42	41
2989_sub1	1	32	22	10	10	10	12	0
29909_sub1	1	6	4	2	4	2	0	0
2991_sub0	1	38	19	19	10	10	9	9
2992_sub0	1	48	19	29	10	10	9	19
2996_sub0	1	21	4	17	4	16	0	1
2997_sub0	1	38	16	22	10	10	6	12
3002_sub1	1	59	27	32	10	10	17	22
30068_sub0	1	6	3	3	3	3	0	0
30069_sub0	1	17	8	9	8	9	0	0
30156_sub0	1	16	12	4	12	4	0	0
3018_sub1	1	69	43	26	10	10	33	16
3019_sub5	1	62	34	28	10	10	24	18
3020_sub1	1	27	16	11	10	10	6	1
3032_sub0	1	56	28	28	10	10	18	18
3043_sub1	1	59	27	32	10	10	17	22
3051_sub1	1	53	25	28	10	10	15	18
30514_sub1	1	9	6	3	6	3	0	0
3056_sub0	1	74	39	35	10	10	29	25
3057_sub0	1	17	8	9	8	9	0	0
3060_sub3	1	25	16	9	11	9	5	0
307_sub1	1	62	31	31	10	10	21	21
3071_sub0	1	9	3	6	3	6	0	0
3074_sub2	1	67	39	28	10	10	29	18
3080_sub3	1	93	54	39	10	10	44	29
30877_sub1	1	15	9	6	9	6	0	0
3088_sub0	1	76	41	35	10	10	31	25
309_sub1	1	79	41	38	10	10	31	28
30944_sub1	1	16	6	10	6	10	0	0
31009_sub0	1	10	4	6	4	6	0	0
31036_sub1	1	18	7	11	7	11	0	0
3105_sub0	1	71	40	31	10	10	30	21
31073_sub1	1	41	20	21	10	10	10	11
3114_sub0	1	39	20	19	10	10	10	9
3119_sub1	1	16	9	7	9	7	0	0
31204_sub1	1	6	4	2	4	2	0	0
31227_sub1	1	7	5	2	5	2	0	0
31277_sub0	1	12	4	8	4	8	0	0
3139_sub1	1	55	28	27	10	10	18	17
314_sub2	1	49	27	22	10	10	17	12
3146_sub1	1	61	38	23	10	10	28	13
31517_sub0	1	8	5	3	5	3	0	0
3154_sub0	1	37	21	16	10	10	11	6
3158_sub2	1	25	14	11	10	10	4	1
31584_sub1	1	15	8	7	8	7	0	0
3162_sub1	1	9	5	4	5	4	0	0
3168_sub0	1	37	16	21	10	10	6	11
3170_sub1	1	17	10	7	10	7	0	0
3174_sub0	1	36	17	19	10	10	7	9
3175_sub0	1	49	23	26	10	10	13	16
319_sub1	1	61	26	35	10	10	16	25
32_sub2	1	45	28	17	10	10	18	7
320_sub5	1	83	39	44	10	10	29	34
321_sub3	1	60	31	29	10	10	21	19
3211_sub0	1	31	12	19	10	10	2	9
3219_sub1	1	74	38	36	10	10	28	26
3225_sub1	1	55	29	26	10	10	19	16
3228_sub0	1	37	16	21	10	10	6	11
323_sub2	1	56	25	31	10	10	15	21
3231_sub2	1	69	41	28	10	10	31	18
32312_sub1	1	13	9	4	9	4	0	0
3235_sub1	1	28	12	16	10	10	2	6
3239_sub0	1	45	19	26	10	10	9	16
324_sub2	1	24	13	11	10	10	3	1
3241_sub0	1	59	34	25	10	10	24	15
3242_sub1	1	8	5	3	5	3	0	0
3245_sub0	1	37	16	21	10	10	6	11
3258_sub0	1	38	20	18	10	10	10	8
32616_sub1	1	30	30	0	20	0	10	0
3269_sub0	1	86	49	37	10	10	39	27
3274_sub0	1	74	38	36	10	10	28	26
32749_sub1	1	6	5	1	5	1	0	0
3284_sub1	1	18	11	7	11	7	0	0
3287_sub1	1	11	6	5	6	5	0	0
3306_sub1	1	97	50	47	10	10	40	37
331_sub2	1	41	22	19	10	10	12	9
3311_sub4	1	104	54	50	10	10	44	40
3316_sub0	1	20	13	7	13	7	0	0
3328_sub0	1	63	35	28	10	10	25	18
3329_sub5	1	84	44	40	10	10	34	30
33387_sub1	1	18	9	9	9	9	0	0
3347_sub2	1	18	9	9	9	9	0	0
3358_sub1	1	11	4	7	4	7	0	0
3366_sub0	1	41	24	17	10	10	14	7
3385_sub0	1	36	21	15	10	10	11	5
339_sub1	1	73	29	44	10	10	19	34
3402_sub1	1	10	4	6	4	6	0	0
3403_sub1	1	8	5	3	5	3	0	0
3404_sub1	1	35	21	14	10	10	11	4
3413_sub1	1	12	4	8	4	8	0	0
34177_sub0	1	34	20	14	10	10	10	4
34215_sub0	1	24	16	8	12	8	4	0
34242_sub0	1	46	22	24	10	10	12	14
34259_sub0	1	28	11	17	10	10	1	7
34290_sub0	1	34	22	12	10	10	12	2
344_sub5	1	36	20	16	10	10	10	6
3444_sub1	1	82	44	38	10	10	34	28
34441_sub0	1	15	9	6	9	6	0	0
3446_sub0	1	68	37	31	10	10	27	21
34488_sub1	1	10	5	5	5	5	0	0
3451_sub1	1	23	12	11	10	10	2	1
3457_sub0	1	56	33	23	10	10	23	13
34575_sub0	1	56	31	25	10	10	21	15
3459_sub0	1	49	24	25	10	10	14	15
34622_sub1	1	50	30	20	10	10	20	10
34647_sub1	1	92	58	34	10	10	48	24
34707_sub0	1	35	20	15	10	10	10	5
34744_sub0	1	61	33	28	10	10	23	18
348_sub2	1	80	38	42	10	10	28	32
3485_sub1	1	47	22	25	10	10	12	15
34902_sub0	1	15	10	5	10	5	0	0
34916_sub2	1	59	28	31	10	10	18	21
34923_sub2	1	6	6	0	6	0	0	0
35003_sub1	1	14	6	8	6	8	0	0
35111_sub2	1	16	10	6	10	6	0	0
3513_sub0	1	78	43	35	10	10	33	25
3519_sub0	1	92	38	54	10	10	28	44
35199_sub0	1	6	6	0	6	0	0	0
352_sub8	1	92	46	46	10	10	36	36
35223_sub1	1	43	24	19	10	10	14	9
35291_sub1	1	21	9	12	9	11	0	1
353_sub2	1	35	21	14	10	10	11	4
35313_sub0	1	6	4	2	4	2	0	0
3536_sub1	1	11	8	3	8	3	0	0
3539_sub2	1	23	12	11	10	10	2	1
354_sub1	1	47	17	30	10	10	7	20
3540_sub0	1	93	45	48	10	10	35	38
35652_sub0	1	57	27	30	10	10	17	20
35691_sub0	1	16	10	6	10	6	0	0
3586_sub1	1	10	6	4	6	4	0	0
3591_sub0	1	21	11	10	10	10	1	0
36_sub2	1	49	29	20	10	10	19	10
36071_sub1	1	17	13	4	13	4	0	0
3611_sub2	1	74	37	37	10	10	27	27
3615_sub0	1	61	37	24	10	10	27	14
36224_sub0	1	21	10	11	10	10	0	1
363_sub2	1	82	41	41	10	10	31	31
3632_sub1	1	72	44	28	10	10	34	18
3633_sub1	1	11	5	6	5	6	0	0
3637_sub1	1	69	42	27	10	10	32	17
364_sub3	1	103	54	49	10	10	44	39
3649_sub0	1	75	45	30	10	10	35	20
3658_sub0	1	39	27	12	10	10	17	2
36642_sub0	1	10	4	6	4	6	0	0
367_sub1	1	101	50	51	10	10	40	41
3672_sub1	1	85	41	44	10	10	31	34
36749_sub1	1	32	14	18	10	10	4	8
36793_sub0	1	15	8	7	8	7	0	0
36858_sub1	1	6	6	0	6	0	0	0
36863_sub1	1	12	12	0	12	0	0	0
36907_sub1	1	26	10	16	10	10	0	6
370_sub1	1	65	34	31	10	10	24	21
3701_sub7	1	33	15	18	10	10	5	8
3702_sub1	1	49	26	23	10	10	16	13
37043_sub1	1	9	4	5	4	5	0	0
37101_sub1	1	17	8	9	8	9	0	0
3717_sub0	1	52	24	28	10	10	14	18
372_sub1	1	28	17	11	10	10	7	1
3722_sub0	1	74	41	33	10	10	31	23
3724_sub1	1	32	16	16	10	10	6	6
3725_sub0	1	46	20	26	10	10	10	16
3728_sub0	1	18	10	8	10	8	0	0
37281_sub1	1	7	4	3	4	3	0	0
373_sub1	1	26	14	12	10	10	4	2
374_sub2	1	33	10	23	10	10	0	13
3740_sub0	1	95	48	47	10	10	38	37
3742_sub0	1	41	20	21	10	10	10	11
3744_sub0	1	26	14	12	10	10	4	2
37608_sub1	1	7	4	3	4	3	0	0
3761_sub0	1	36	20	16	10	10	10	6
3765_sub1	1	29	10	19	10	10	0	9
37749_sub1	1	7	7	0	7	0	0	0
3778_sub1	1	45	25	20	10	10	15	10
37827_sub0	1	26	16	10	10	10	6	0
3792_sub0	1	70	36	34	10	10	26	24
3804_sub0	1	38	23	15	10	10	13	5
3805_sub1	1	14	5	9	5	9	0	0
3814_sub0	1	86	51	35	10	10	41	25
382_sub6	1	65	37	28	10	10	27	18
38246_sub0	1	26	16	10	10	10	6	0
38258_sub0	1	14	8	6	8	6	0	0
3838_sub1	1	58	28	30	10	10	18	20
3858_sub1	1	10	5	5	5	5	0	0
38598_sub0	1	57	28	29	10	10	18	19
3869_sub0	1	28	13	15	10	10	3	5
3876_sub0	1	74	35	39	10	10	25	29
3878_sub0	1	30	12	18	10	10	2	8
3883_sub0	1	32	18	14	10	10	8	4
38839_sub1	1	11	7	4	7	4	0	0
3890_sub2	1	36	22	14	10	10	12	4
39_sub1	1	6	4	2	4	2	0	0
390_sub1	1	39	24	15	10	10	14	5
39033_sub1	1	8	5	3	5	3	0	0
39061_sub2	1	16	10	6	10	6	0	0
3907_sub0	1	74	37	37	10	10	27	27
3909_sub0	1	48	29	19	10	10	19	9
39106_sub1	1	14	4	10	4	10	0	0
3912_sub2	1	10	6	4	6	4	0	0
39207_sub1	1	7	0	7	0	7	0	0
3930_sub0	1	34	15	19	10	10	5	9
394_sub1	1	21	11	10	10	10	1	0
3943_sub1	1	81	45	36	10	10	35	26
3959_sub1	1	38	28	10	10	10	18	0
3962_sub1	1	67	51	16	10	10	41	6
3970_sub1	1	9	0	9	0	9	0	0
3970_sub4	1	8	8	0	8	0	0	0
3971_sub1	1	49	23	26	10	10	13	16
3977_sub0	1	28	15	13	10	10	5	3
398_sub2	1	58	36	22	10	10	26	12
3984_sub1	1	73	40	33	10	10	30	23
4003_sub1	1	57	29	28	10	10	19	18
4008_sub0	1	50	21	29	10	10	11	19
4011_sub1	1	68	35	33	10	10	25	23
402_sub1	1	65	34	31	10	10	24	21
403_sub0	1	13	0	13	0	13	0	0
403_sub4	1	13	13	0	13	0	0	0
4048_sub0	1	47	25	22	10	10	15	12
4068_sub2	1	86	39	47	10	10	29	37
4070_sub0	1	66	32	34	10	10	22	24
4080_sub1	1	74	35	39	10	10	25	29
41_sub3	1	37	18	19	10	10	8	9
4111_sub1	1	109	64	45	10	10	54	35
4117_sub2	1	36	21	15	10	10	11	5
4121_sub0	1	22	12	10	10	10	2	0
4125_sub1	1	22	7	15	7	13	0	2
4133_sub1	1	47	23	24	10	10	13	14
4136_sub0	1	87	44	43	10	10	34	33
4137_sub0	1	24	11	13	10	10	1	3
4138_sub2	1	79	37	42	10	10	27	32
4149_sub1	1	19	8	11	8	11	0	0
415_sub4	1	38	21	17	10	10	11	7
4194_sub0	1	27	11	16	10	10	1	6
4199_sub1	1	61	35	26	10	10	25	16
42_sub1	1	50	26	24	10	10	16	14
4203_sub0	1	25	11	14	10	10	1	4
4208_sub2	1	84	41	43	10	10	31	33
421_sub1	1	64	33	31	10	10	23	21
4211_sub0	1	94	52	42	10	10	42	32
4216_sub0	1	33	13	20	10	10	3	10
422_sub2	1	45	18	27	10	10	8	17
4220_sub1	1	20	8	12	8	12	0	0
4221_sub0	1	88	38	50	10	10	28	40
4247_sub1	1	34	15	19	10	10	5	9
4248_sub1	1	83	44	39	10	10	34	29
4254_sub0	1	38	24	14	10	10	14	4
4263_sub3	1	53	34	19	10	10	24	9
4266_sub0	1	58	26	32	10	10	16	22
4274_sub1	1	9	3	6	3	6	0	0
429_sub3	1	72	37	35	10	10	27	25
4299_sub0	1	88	37	51	10	10	27	41
4312_sub4	1	15	5	10	5	10	0	0
434_sub1	1	46	23	23	10	10	13	13
4353_sub0	1	40	18	22	10	10	8	12
4354_sub1	1	12	8	4	8	4	0	0
4365_sub1	1	59	30	29	10	10	20	19
4377_sub1	1	84	38	46	10	10	28	36
4381_sub1	1	25	11	14	10	10	1	4
4388_sub0	1	24	10	14	10	10	0	4
44_sub2	1	72	44	28	10	10	34	18
4400_sub0	1	60	26	34	10	10	16	24
4414_sub0	1	27	15	12	10	10	5	2
442_sub1	1	8	5	3	5	3	0	0
4421_sub0	1	81	36	45	10	10	26	35
443_sub5	1	43	25	18	10	10	15	8
4454_sub1	1	28	16	12	10	10	6	2
4466_sub2	1	46	25	21	10	10	15	11
4473_sub0	1	51	22	29	10	10	12	19
4490_sub0	1	35	14	21	10	10	4	11
4504_sub0	1	66	33	33	10	10	23	23
4509_sub0	1	92	42	50	10	10	32	40
451_sub1	1	44	20	24	10	10	10	14
454_sub1	1	20	11	9	11	9	0	0
457_sub1	1	53	30	23	10	10	20	13
4571_sub1	1	40	21	19	10	10	11	9
4578_sub2	1	32	24	8	12	8	12	0
4584_sub1	1	55	34	21	10	10	24	11
4585_sub0	1	61	32	29	10	10	22	19
4596_sub0	1	37	20	17	10	10	10	7
46_sub2	1	45	25	20	10	10	15	10
4602_sub1	1	42	22	20	10	10	12	10
4603_sub0	1	90	44	46	10	10	34	36
4617_sub0	1	29	15	14	10	10	5	4
4621_sub1	1	20	8	12	8	12	0	0
463_sub3	1	40	23	17	10	10	13	7
4635_sub0	1	56	23	33	10	10	13	23
4638_sub0	1	51	23	28	10	10	13	18
464_sub2	1	36	16	20	10	10	6	10
4644_sub1	1	95	43	52	10	10	33	42
4650_sub0	1	43	18	25	10	10	8	15
4657_sub0	1	37	21	16	10	10	11	6
4662_sub0	1	38	22	16	10	10	12	6
4687_sub1	1	46	21	25	10	10	11	15
4696_sub1	1	113	63	50	10	10	53	40
4699_sub0	1	51	21	30	10	10	11	20
4701_sub1	1	17	8	9	8	9	0	0
4704_sub1	1	21	0	21	0	20	0	1
4710_sub0	1	82	38	44	10	10	28	34
4713_sub1	1	79	44	35	10	10	34	25
4714_sub1	1	49	21	28	10	10	11	18
4720_sub0	1	87	47	40	10	10	37	30
4726_sub1	1	12	3	9	3	9	0	0
473_sub2	1	98	50	48	10	10	40	38
4736_sub1	1	67	32	35	10	10	22	25
4737_sub0	1	6	0	6	0	6	0	0
4739_sub2	1	49	24	25	10	10	14	15
4747_sub1	1	31	18	13	10	10	8	3
4755_sub1	1	19	8	11	8	11	0	0
4768_sub0	1	74	35	39	10	10	25	29
4772_sub0	1	44	23	21	10	10	13	11
4773_sub1	1	28	17	11	10	10	7	1
478_sub2	1	83	38	45	10	10	28	35
4782_sub1	1	49	26	23	10	10	16	13
4784_sub0	1	52	25	27	10	10	15	17
4785_sub1	1	8	5	3	5	3	0	0
4792_sub1	1	64	34	30	10	10	24	20
4799_sub0	1	66	36	30	10	10	26	20
48_sub2	1	60	28	32	10	10	18	22
4800_sub1	1	23	12	11	10	10	2	1
4806_sub0	1	47	23	24	10	10	13	14
4838_sub0	1	49	26	23	10	10	16	13
4839_sub1	1	27	12	15	10	10	2	5
484_sub4	1	85	40	45	10	10	30	35
4845_sub1	1	23	7	16	7	13	0	3
4846_sub0	1	49	23	26	10	10	13	16
4889_sub1	1	15	7	8	7	8	0	0
489_sub2	1	21	11	10	10	10	1	0
49_sub4	1	18	8	10	8	10	0	0
4905_sub1	1	33	15	18	10	10	5	8
492_sub1	1	27	17	10	10	10	7	0
4933_sub1	1	13	4	9	4	9	0	0
4934_sub0	1	72	37	35	10	10	27	25
4940_sub1	1	20	15	5	15	5	0	0
4944_sub0	1	25	13	12	10	10	3	2
4945_sub2	1	31	14	17	10	10	4	7
4959_sub0	1	58	29	29	10	10	19	19
496_sub1	1	100	57	43	10	10	47	33
497_sub2	1	99	41	58	10	10	31	48
498_sub1	1	47	20	27	10	10	10	17
4986_sub1	1	71	30	41	10	10	20	31
499_sub1	1	64	35	29	10	10	25	19
4997_sub0	1	46	28	18	10	10	18	8
4999_sub1	1	6	3	3	3	3	0	0
501_sub1	1	75	37	38	10	10	27	28
503_sub1	1	83	43	40	10	10	33	30
504_sub1	1	115	62	53	10	10	52	43
5045_sub5	1	66	38	28	10	10	28	18
5053_sub0	1	30	11	19	10	10	1	9
5067_sub1	1	12	8	4	8	4	0	0
507_sub2	1	55	32	23	10	10	22	13
5079_sub2	1	46	20	26	10	10	10	16
509_sub1	1	37	17	20	10	10	7	10
5098_sub0	1	40	28	12	10	10	18	2
5111_sub0	1	30	12	18	10	10	2	8
5116_sub1	1	73	32	41	10	10	22	31
5117_sub0	1	12	4	8	4	8	0	0
5118_sub0	1	13	8	5	8	5	0	0
5119_sub0	1	94	45	49	10	10	35	39
5123_sub2	1	33	16	17	10	10	6	7
5128_sub0	1	63	35	28	10	10	25	18
513_sub1	1	39	21	18	10	10	11	8
5132_sub0	1	75	29	46	10	10	19	36
5139_sub0	1	62	32	30	10	10	22	20
514_sub3	1	57	27	30	10	10	17	20
5146_sub2	1	25	14	11	10	10	4	1
5147_sub0	1	24	9	15	9	11	0	4
5156_sub0	1	46	26	20	10	10	16	10
5158_sub1	1	63	29	34	10	10	19	24
516_sub1	1	49	20	29	10	10	10	19
5166_sub1	1	14	7	7	7	7	0	0
5179_sub2	1	8	5	3	5	3	0	0
5193_sub1	1	34	18	16	10	10	8	6
52_sub2	1	96	54	42	10	10	44	32
5205_sub0	1	18	6	12	6	12	0	0
5212_sub1	1	64	36	28	10	10	26	18
522_sub2	1	29	0	29	0	20	0	9
522_sub5	1	30	30	0	20	0	10	0
523_sub1	1	111	62	49	10	10	52	39
5235_sub0	1	54	24	30	10	10	14	20
5265_sub1	1	21	10	11	10	10	0	1
5268_sub1	1	27	14	13	10	10	4	3
527_sub2	1	47	27	20	10	10	17	10
5276_sub0	1	86	45	41	10	10	35	31
5283_sub0	1	72	42	30	10	10	32	20
529_sub3	1	83	44	39	10	10	34	29
5294_sub1	1	23	8	15	8	12	0	3
5327_sub1	1	17	7	10	7	10	0	0
5334_sub1	1	63	31	32	10	10	21	22
5346_sub2	1	14	7	7	7	7	0	0
5347_sub0	1	95	46	49	10	10	36	39
5356_sub0	1	35	15	20	10	10	5	10
5375_sub1	1	62	36	26	10	10	26	16
5377_sub0	1	16	3	13	3	13	0	0
54_sub2	1	92	42	50	10	10	32	40
540_sub1	1	18	9	9	9	9	0	0
542_sub6	1	29	14	15	10	10	4	5
5425_sub0	1	28	17	11	10	10	7	1
5427_sub0	1	51	30	21	10	10	20	11
5429_sub1	1	9	5	4	5	4	0	0
5438_sub0	1	29	17	12	10	10	7	2
5449_sub1	1	51	30	21	10	10	20	11
547_sub2	1	15	8	7	8	7	0	0
5481_sub1	1	50	22	28	10	10	12	18
5487_sub1	1	76	45	31	10	10	35	21
5489_sub1	1	56	26	30	10	10	16	20
55_sub5	1	29	0	29	0	20	0	9
55_sub14	1	28	28	0	20	0	8	0
5517_sub0	1	73	45	28	10	10	35	18
5530_sub1	1	23	14	9	11	9	3	0
5534_sub1	1	17	7	10	7	10	0	0
5550_sub1	1	36	25	11	10	10	15	1
5556_sub2	1	46	17	29	10	10	7	19
5569_sub1	1	44	20	24	10	10	10	14
5576_sub1	1	26	13	13	10	10	3	3
5581_sub1	1	87	44	43	10	10	34	33
5584_sub2	1	72	31	41	10	10	21	31
56_sub1	1	61	25	36	10	10	15	26
5615_sub0	1	37	22	15	10	10	12	5
5627_sub0	1	12	5	7	5	7	0	0
5630_sub0	1	39	22	17	10	10	12	7
5638_sub1	1	18	11	7	11	7	0	0
565_sub1	1	38	21	17	10	10	11	7
5674_sub1	1	10	5	5	5	5	0	0
569_sub1	1	57	35	22	10	10	25	12
5697_sub0	1	53	21	32	10	10	11	22
571_sub1	1	40	24	16	10	10	14	6
5710_sub1	1	18	7	11	7	11	0	0
5722_sub0	1	48	25	23	10	10	15	13
5727_sub1	1	92	45	47	10	10	35	37
5728_sub1	1	66	30	36	10	10	20	26
574_sub3	1	77	42	35	10	10	32	25
5755_sub1	1	34	16	18	10	10	6	8
5771_sub2	1	60	34	26	10	10	24	16
5772_sub0	1	20	10	10	10	10	0	0
5776_sub0	1	38	21	17	10	10	11	7
5799_sub3	1	48	26	22	10	10	16	12
5804_sub0	1	51	25	26	10	10	15	16
5829_sub3	1	52	28	24	10	10	18	14
5861_sub4	1	13	5	8	5	8	0	0
5873_sub0	1	13	6	7	6	7	0	0
5899_sub2	1	16	10	6	10	6	0	0
5900_sub0	1	33	13	20	10	10	3	10
5902_sub0	1	93	52	41	10	10	42	31
5917_sub0	1	59	32	27	10	10	22	17
594_sub0	1	62	31	31	10	10	21	21
5940_sub0	1	30	17	13	10	10	7	3
5952_sub0	1	54	32	22	10	10	22	12
5954_sub0	1	62	35	27	10	10	25	17
5966_sub1	1	35	20	15	10	10	10	5
597_sub2	1	113	58	55	10	10	48	45
5971_sub1	1	19	9	10	9	10	0	0
5973_sub1	1	32	19	13	10	10	9	3
598_sub2	1	31	20	11	10	10	10	1
599_sub4	1	56	31	25	10	10	21	15
5993_sub0	1	28	7	21	7	13	0	8
6002_sub4	1	8	5	3	5	3	0	0
6013_sub1	1	39	19	20	10	10	9	10
6018_sub1	1	27	15	12	10	10	5	2
602_sub3	1	46	24	22	10	10	14	12
6047_sub0	1	46	24	22	10	10	14	12
6056_sub1	1	19	9	10	9	10	0	0
607_sub2	1	8	5	3	5	3	0	0
6074_sub1	1	73	36	37	10	10	26	27
6079_sub1	1	41	13	28	10	10	3	18
6095_sub1	1	61	35	26	10	10	25	16
6106_sub0	1	30	18	12	10	10	8	2
612_sub1	1	11	7	4	7	4	0	0
6124_sub2	1	62	32	30	10	10	22	20
6145_sub1	1	64	27	37	10	10	17	27
616_sub1	1	51	25	26	10	10	15	16
6169_sub0	1	55	30	25	10	10	20	15
619_sub2	1	38	27	11	10	10	17	1
620_sub2	1	71	31	40	10	10	21	30
6210_sub1	1	37	20	17	10	10	10	7
6212_sub1	1	42	24	18	10	10	14	8
6215_sub0	1	44	19	25	10	10	9	15
6246_sub0	1	92	45	47	10	10	35	37
625_sub4	1	53	25	28	10	10	15	18
6270_sub1	1	66	40	26	10	10	30	16
6291_sub0	1	35	20	15	10	10	10	5
6304_sub1	1	28	15	13	10	10	5	3
6308_sub0	1	46	28	18	10	10	18	8
6319_sub1	1	27	17	10	10	10	7	0
6323_sub1	1	97	46	51	10	10	36	41
6349_sub1	1	14	8	6	8	6	0	0
6362_sub0	1	12	7	5	7	5	0	0
6363_sub0	1	85	43	42	10	10	33	32
6389_sub0	1	27	15	12	10	10	5	2
6391_sub1	1	76	34	42	10	10	24	32
6395_sub0	1	64	25	39	10	10	15	29
6429_sub1	1	55	34	21	10	10	24	11
6432_sub2	1	12	7	5	7	5	0	0
644_sub1	1	27	14	13	10	10	4	3
6479_sub1	1	56	26	30	10	10	16	20
6506_sub2	1	21	10	11	10	10	0	1
6510_sub1	1	34	16	18	10	10	6	8
654_sub0	1	88	37	51	10	10	27	41
655_sub1	1	62	32	30	10	10	22	20
6555_sub0	1	90	48	42	10	10	38	32
6557_sub2	1	30	15	15	10	10	5	5
656_sub1	1	28	14	14	10	10	4	4
6573_sub0	1	16	10	6	10	6	0	0
6585_sub1	1	25	17	8	12	8	5	0
6589_sub0	1	78	38	40	10	10	28	30
6595_sub1	1	40	23	17	10	10	13	7
660_sub1	1	37	15	22	10	10	5	12
6609_sub1	1	64	31	33	10	10	21	23
6619_sub0	1	25	10	15	10	10	0	5
6629_sub0	1	49	23	26	10	10	13	16
6641_sub1	1	25	10	15	10	10	0	5
6642_sub1	1	72	36	36	10	10	26	26
6648_sub1	1	28	18	10	10	10	8	0
665_sub2	1	84	51	33	10	10	41	23
6684_sub2	1	7	5	2	5	2	0	0
669_sub1	1	35	15	20	10	10	5	10
6715_sub1	1	76	35	41	10	10	25	31
6728_sub0	1	15	7	8	7	8	0	0
6729_sub1	1	39	18	21	10	10	8	11
6730_sub1	1	54	25	29	10	10	15	19
6741_sub1	1	7	3	4	3	4	0	0
675_sub1	1	48	25	23	10	10	15	13
681_sub2	1	101	48	53	10	10	38	43
6857_sub0	1	37	20	17	10	10	10	7
6872_sub1	1	88	47	41	10	10	37	31
6880_sub1	1	27	13	14	10	10	3	4
6885_sub0	1	70	42	28	10	10	32	18
6894_sub1	1	6	3	3	3	3	0	0
6895_sub1	1	7	4	3	4	3	0	0
69_sub4	1	98	53	45	10	10	43	35
6909_sub0	1	61	29	32	10	10	19	22
6911_sub0	1	17	10	7	10	7	0	0
692_sub2	1	29	13	16	10	10	3	6
699_sub1	1	64	36	28	10	10	26	18
701_sub1	1	17	8	9	8	9	0	0
7031_sub1	1	47	23	24	10	10	13	14
7040_sub0	1	43	18	25	10	10	8	15
706_sub1	1	54	32	22	10	10	22	12
707_sub2	1	15	7	8	7	8	0	0
708_sub2	1	29	16	13	10	10	6	3
7083_sub1	1	33	22	11	10	10	12	1
710_sub1	1	80	37	43	10	10	27	33
7105_sub0	1	35	18	17	10	10	8	7
711_sub2	1	93	59	34	10	10	49	24
7113_sub0	1	49	25	24	10	10	15	14
7123_sub1	1	75	40	35	10	10	30	25
7164_sub1	1	10	4	6	4	6	0	0
7174_sub0	1	24	15	9	11	9	4	0
718_sub2	1	41	17	24	10	10	7	14
7188_sub0	1	14	7	7	7	7	0	0
7191_sub1	1	7	5	2	5	2	0	0
7195_sub1	1	25	19	6	14	6	5	0
72_sub2	1	86	41	45	10	10	31	35
7204_sub0	1	48	27	21	10	10	17	11
7234_sub5	1	9	3	6	3	6	0	0
7236_sub1	1	12	4	8	4	8	0	0
7238_sub1	1	37	23	14	10	10	13	4
724_sub5	1	30	17	13	10	10	7	3
7241_sub0	1	11	4	7	4	7	0	0
7248_sub1	1	32	14	18	10	10	4	8
7249_sub1	1	95	46	49	10	10	36	39
725_sub6	1	67	34	33	10	10	24	23
726_sub2	1	84	41	43	10	10	31	33
7298_sub1	1	14	10	4	10	4	0	0
73_sub2	1	80	35	45	10	10	25	35
730_sub0	1	54	28	26	10	10	18	16
7301_sub2	1	59	34	25	10	10	24	15
7376_sub1	1	39	20	19	10	10	10	9
7389_sub0	1	46	19	27	10	10	9	17
7394_sub1	1	75	40	35	10	10	30	25
7396_sub1	1	10	7	3	7	3	0	0
7403_sub1	1	15	8	7	8	7	0	0
741_sub1	1	49	28	21	10	10	18	11
7442_sub0	1	72	42	30	10	10	32	20
7445_sub3	1	15	6	9	6	9	0	0
7465_sub0	1	72	31	41	10	10	21	31
7488_sub1	1	23	12	11	10	10	2	1
7525_sub0	1	11	7	4	7	4	0	0
757_sub0	1	75	39	36	10	10	29	26
758_sub3	1	31	18	13	10	10	8	3
7603_sub1	1	54	32	22	10	10	22	12
761_sub1	1	104	48	56	10	10	38	46
7614_sub3	1	96	45	51	10	10	35	41
7615_sub1	1	69	38	31	10	10	28	21
7618_sub1	1	16	10	6	10	6	0	0
762_sub6	1	68	37	31	10	10	27	21
7623_sub2	1	77	39	38	10	10	29	28
763_sub2	1	52	27	25	10	10	17	15
764_sub2	1	78	41	37	10	10	31	27
77_sub2	1	72	36	36	10	10	26	26
770_sub6	1	104	60	44	10	10	50	34
771_sub1	1	96	47	49	10	10	37	39
7712_sub2	1	11	5	6	5	6	0	0
7714_sub2	1	30	15	15	10	10	5	5
7715_sub0	1	17	11	6	11	6	0	0
7716_sub0	1	15	7	8	7	8	0	0
7719_sub0	1	36	17	19	10	10	7	9
772_sub2	1	69	28	41	10	10	18	31
7722_sub3	1	34	14	20	10	10	4	10
7723_sub0	1	42	25	17	10	10	15	7
7740_sub0	1	18	7	11	7	11	0	0
7743_sub1	1	14	8	6	8	6	0	0
7773_sub0	1	24	13	11	10	10	3	1
7775_sub1	1	9	6	3	6	3	0	0
781_sub2	1	52	28	24	10	10	18	14
7815_sub0	1	33	21	12	10	10	11	2
7824_sub0	1	54	27	27	10	10	17	17
7836_sub0	1	25	14	11	10	10	4	1
785_sub1	1	69	33	36	10	10	23	26
7871_sub0	1	14	13	1	13	1	0	0
7874_sub0	1	23	8	15	8	12	0	3
7875_sub0	1	59	27	32	10	10	17	22
7891_sub2	1	20	9	11	9	11	0	0
790_sub1	1	67	37	30	10	10	27	20
791_sub3	1	16	10	6	10	6	0	0
7910_sub0	1	49	24	25	10	10	14	15
7912_sub0	1	26	11	15	10	10	1	5
7921_sub1	1	41	17	24	10	10	7	14
7935_sub0	1	50	22	28	10	10	12	18
7940_sub0	1	34	17	17	10	10	7	7
7954_sub1	1	48	24	24	10	10	14	14
7963_sub0	1	18	10	8	10	8	0	0
798_sub2	1	43	16	27	10	10	6	17
801_sub2	1	38	20	18	10	10	10	8
8011_sub0	1	18	10	8	10	8	0	0
8021_sub0	1	41	16	25	10	10	6	15
8043_sub0	1	31	16	15	10	10	6	5
8046_sub0	1	54	28	26	10	10	18	16
806_sub1	1	20	11	9	11	9	0	0
8063_sub1	1	13	4	9	4	9	0	0
8064_sub1	1	7	4	3	4	3	0	0
807_sub3	1	100	48	52	10	10	38	42
8109_sub0	1	24	11	13	10	10	1	3
8111_sub1	1	55	30	25	10	10	20	15
812_sub4	1	82	43	39	10	10	33	29
8139_sub0	1	67	35	32	10	10	25	22
8154_sub0	1	41	22	19	10	10	12	9
816_sub2	1	54	28	26	10	10	18	16
817_sub1	1	19	11	8	11	8	0	0
8175_sub0	1	40	21	19	10	10	11	9
8181_sub0	1	87	42	45	10	10	32	35
8202_sub1	1	12	6	6	6	6	0	0
822_sub2	1	38	18	20	10	10	8	10
824_sub1	1	36	17	19	10	10	7	9
825_sub1	1	33	15	18	10	10	5	8
8251_sub0	1	9	3	6	3	6	0	0
8277_sub0	1	30	19	11	10	10	9	1
8280_sub2	1	10	7	3	7	3	0	0
8290_sub0	1	50	22	28	10	10	12	18
8293_sub0	1	68	36	32	10	10	26	22
83_sub1	1	32	20	12	10	10	10	2
8325_sub0	1	93	51	42	10	10	41	32
8350_sub0	1	19	11	8	11	8	0	0
8360_sub2	1	14	8	6	8	6	0	0
8369_sub0	1	38	17	21	10	10	7	11
8377_sub0	1	45	21	24	10	10	11	14
838_sub3	1	47	21	26	10	10	11	16
8396_sub0	1	13	9	4	9	4	0	0
8397_sub0	1	19	9	10	9	10	0	0
842_sub2	1	54	30	24	10	10	20	14
8435_sub7	1	17	7	10	7	10	0	0
844_sub1	1	93	52	41	10	10	42	31
845_sub0	1	106	49	57	10	10	39	47
846_sub2	1	27	13	14	10	10	3	4
8465_sub0	1	26	13	13	10	10	3	3
848_sub2	1	111	51	60	10	10	41	50
8493_sub0	1	35	19	16	10	10	9	6
8557_sub0	1	27	13	14	10	10	3	4
8559_sub0	1	11	3	8	3	8	0	0
8563_sub1	1	17	5	12	5	12	0	0
8569_sub2	1	67	39	28	10	10	29	18
8580_sub1	1	25	18	7	13	7	5	0
861_sub2	1	83	39	44	10	10	29	34
8626_sub0	1	51	28	23	10	10	18	13
8648_sub0	1	10	4	6	4	6	0	0
866_sub2	1	99	50	49	10	10	40	39
8684_sub0	1	68	35	33	10	10	25	23
8728_sub0	1	49	28	21	10	10	18	11
875_sub2	1	39	26	13	10	10	16	3
8755_sub0	1	7	2	5	2	5	0	0
8758_sub0	1	48	26	22	10	10	16	12
8760_sub0	1	21	9	12	9	11	0	1
8785_sub0	1	30	17	13	10	10	7	3
8789_sub0	1	57	32	25	10	10	22	15
8866_sub10	1	19	9	10	9	10	0	0
887_sub1	1	71	39	32	10	10	29	22
8873_sub0	1	17	8	9	8	9	0	0
888_sub1	1	7	0	7	0	7	0	0
8888_sub1	1	49	33	16	10	10	23	6
890_sub2	1	128	74	54	10	10	64	44
891_sub2	1	62	26	36	10	10	16	26
8911_sub0	1	29	21	8	12	8	9	0
8915_sub1	1	20	14	6	14	6	0	0
893_sub1	1	37	21	16	10	10	11	6
8932_sub0	1	20	14	6	14	6	0	0
8935_sub0	1	23	11	12	10	10	1	2
894_sub1	1	30	18	12	10	10	8	2
895_sub2	1	74	42	32	10	10	32	22
897_sub1	1	50	23	27	10	10	13	17
9004_sub9	1	11	8	3	8	3	0	0
9012_sub0	1	75	45	30	10	10	35	20
903_sub2	1	12	4	8	4	8	0	0
9031_sub0	1	11	5	6	5	6	0	0
907_sub1	1	18	8	10	8	10	0	0
9071_sub1	1	8	7	1	7	1	0	0
9086_sub0	1	23	14	9	11	9	3	0
9092_sub0	1	6	4	2	4	2	0	0
91_sub4	1	71	35	36	10	10	25	26
9175_sub0	1	17	9	8	9	8	0	0
9185_sub0	1	8	4	4	4	4	0	0
9227_sub1	1	8	4	4	4	4	0	0
9228_sub0	1	24	10	14	10	10	0	4
923_sub0	1	23	0	23	0	20	0	3
923_sub9	1	26	26	0	20	0	6	0
9230_sub1	1	13	8	5	8	5	0	0
924_sub3	1	37	20	17	10	10	10	7
9271_sub0	1	85	47	38	10	10	37	28
9272_sub0	1	26	0	26	0	20	0	6
9272_sub8	1	26	26	0	20	0	6	0
9304_sub0	1	33	15	18	10	10	5	8
931_sub1	1	15	0	15	0	15	0	0
931_sub2	1	21	21	0	20	0	1	0
9330_sub0	1	46	23	23	10	10	13	13
9366_sub0	1	23	12	11	10	10	2	1
941_sub1	1	15	9	6	9	6	0	0
9430_sub0	1	24	12	12	10	10	2	2
9450_sub1	1	51	25	26	10	10	15	16
9453_sub1	1	13	5	8	5	8	0	0
948_sub1	1	33	18	15	10	10	8	5
954_sub0	1	82	45	37	10	10	35	27
9556_sub0	1	23	11	12	10	10	1	2
9605_sub0	1	15	4	11	4	11	0	0
9607_sub0	1	21	9	12	9	11	0	1
9622_sub1	1	105	57	48	10	10	47	38
9656_sub0	1	21	15	6	14	6	1	0
9691_sub0	1	49	25	24	10	10	15	14
97_sub1	1	12	3	9	3	9	0	0
970_sub1	1	51	28	23	10	10	18	13
9721_sub0	1	22	9	13	9	11	0	2
9733_sub1	1	29	11	18	10	10	1	8
9743_sub1	1	19	9	10	9	10	0	0
976_sub2	1	52	26	26	10	10	16	16
978_sub3	1	65	40	25	10	10	30	15
9793_sub1	1	74	34	40	10	10	24	30
9848_sub0	1	6	2	4	2	4	0	0
9858_sub5	1	26	12	14	10	10	2	4
9875_sub0	1	51	23	28	10	10	13	18
9898_sub0	1	12	6	6	6	6	0	0
993_sub3	1	107	59	48	10	10	49	38
9934_sub1	1	10	5	5	5	5	0	0
997_sub1	1	51	29	22	10	10	19	12
998_sub2	1	30	12	18	10	10	2	8
9994_sub0	1	32	16	16	10	10	6	6
